College/University,City,State,Division,Teams,
Abilene Christian University,Abilene,TX,NCAA I,M,W
Abraham Baldwin Agricultural College,Tifton,GA,NJCAA,M,
Academy of Art University,San Francisco,CA,NCAA II,M,W
Adams State University,Alamosa,CO,NCAA II,,W
Adelphi University,Garden City,NY,NCAA II,M,W
Adirondack CC,Queensbury,NY,NJCAA,M,W
Adrian College,Adrian,MI,NCAA III,M,W
Alabama A & M University,Normal,AL,NCAA I,M,
Alabama State University,Montgomery,AL,NCAA I,M,W
Albertus Magnus College,New Haven,CT,NCAA III,M,
Albion College,Albion,MI,NCAA III,M,W
Albright College,Reading,PA,NCAA III,M,W
Alexandria Technical & CC,Alexandria,MN,NJCAA,M,W
Alice Lloyd College,Pippa Passes,KY,NAIA,M,
Allan Hancock College,Santa Maria,CA,CCCAA,M,W
Allegheny College,Meadville,PA,NCAA III,M,W
Alma College,Alma,MI,NCAA III,M,W
Alvernia University,Reading,PA,NCAA III,M,W
Alverno College,Milwaukee,WI,NCAA III,,W
American International College,Springfield,MA,NCAA II,M,W
American River College,Sacramento,CA,CCCAA,M,
Amherst College,Amherst,MA,NCAA III,M,W
Ancilla College,Donaldson,IN,NJCAA,M,W
Anderson University,Anderson,IN,NCAA III,M,W
Anderson University,Anderson,SC,NCAA II,M,W
Andrew College,Cuthbert,GA,NJCAA,M,
Angelo State University,San Angelo,TX,NCAA II,,W
Anne Arundel CC,Arnold,MD,NJCAA,M,
Antelope Valley College,Lancaster,CA,CCCAA,M,W
Appalachian State University,Boone,NC,NCAA I,M,W
Aquinas College,Grand Rapids,MI,NAIA,M,W
Arcadia University,Glenside,PA,NCAA III,M,W
Arizona Christian University,Phoenix,AZ,NAIA,M,W
Arizona State University,Tempe,AZ,NCAA I,M,W
Arkansas State University,Jonesboro,AR,NCAA I,M,W
Arkansas Tech University,Russellville,AR,NCAA II,M,W
Asbury University,Wilmore,KY,NCAA III,M,W
Ashland University,Ashland,OH,NCAA II,M,W
Assumption College,Worcester,MA,NCAA II,M,W
Auburn University,Auburn,AL,NCAA I,M,W
Augsburg College,Minneapolis,MN,NCAA III,M,W
Augusta University,Augusta,GA,NCAA I,M,W
Augustana College,Rock Island,IL,NCAA III,M,W
Augustana University,Sioux Falls,SD,NCAA II,M,W
Aurora University,Aurora,IL,NCAA III,M,W
Austin Peay State University,Clarksville,TN,NCAA I,M,W
Ave Maria University,Ave Maria,FL,NAIA,M,W
Averett University,Danville,VA,NCAA III,M,W
Babson College,Wellesley,MA,NCAA III,M,W
Bacone College,Muskogee,OK,NAIA,M,W
Baker University,Baldwin City,KS,NAIA,M,W
Bakersfield College,Bakersfield,CA,CCCAA,M,W
Baldwin Wallace University,Berea,OH,NCAA III,M,W
Ball State University,Muncie,IN,NCAA I,M,W
Baptist Bible College,Springfield,MO,NCCAA,M,W
Barnard (Columbia Univ),New York,NY,NCAA I,,W
Barry University,Miami,FL,NCAA II,M,W
Barton College,Wilson,NC,NCAA II,M,W
Barton County CC,Great Bend,KS,NJCAA,M,W
Bates College,Lewiston,ME,NCAA III,M,W
Baylor University,Waco,TX,NCAA I,M,W
Belhaven University,Jackson,MS,NCAA III,M,
Bellarmine University,Louisville,KY,NCAA I,M,W
Bellevue College,Bellevue,WA,NWAC,M,W
Bellevue University,Bellevue,NE,NAIA,M,W
Belmont Abbey College,Belmont,NC,NCAA II,M,W
Belmont University,Nashville,TN,NCAA I,M,W
Bemidji State University,Bemidji,MN,NCAA II,M,W
Benedictine University,Lisle,IL,NCAA III,M,W
Benedictine University - Mesa,Mesa,AZ,NAIA,M,W
Bentley University,Waltham,MA,NCAA II,M,
Berea College,Berea,KY,NCAA III,M,
Berry College,Mount Berry,GA,NCAA III,M,W
Bethany College,Lindsborg,KS,NAIA,M,W
Bethany College,Bethany,WV,NCAA III,M,W
Bethany Lutheran College,Mankato,MN,NCAA III,M,W
Bethel College,Mishawaka,IN,NAIA,M,W
Bethel College,North Newton,KS,NAIA,M,
Bethel University,Saint Paul,MN,NCAA III,M,W
Bethel University,McKenzie,TN,NAIA,M,W
Bethune-Cookman University,Daytona Beach,FL,NCAA I,,W
Binghamton University,Vestal,NY,NCAA I,M,
Biola University,La Mirada,CA,NCAA II,,W
Bishop State CC,Mobile,AL,NJCAA,M,W
Black Hawk College,Moline,IL,NJCAA,M,
Black Hills State University,Spearfish,SD,NCAA II,,W
Blackburn College,Carlinville,IL,NCAA III,M,W
Blinn College,Brenham,TX,NJCAA,M,W
Bloomsburg University,Bloomsburg,PA,NCAA II,M,W
Blue Mountain College,Blue Mountain,MS,NAIA,M,W
Bluefield College,Bluefield,VA,NAIA,M,
Bluefield State University,Bluefield,WV,NCAA II,M,W
Bluffton University,Bluffton,OH,NCAA III,M,W
Bob Jones University,Greenville,SC,NCAA III,M,
Boise State University,Boise,ID,NCAA I,M,W
Boston College,Chestnut Hill,MA,NCAA I,M,W
Boston University,Boston,MA,NCAA I,,W
Bowdoin College,Brunswick,ME,NCAA III,M,W
Bowling Green State University,Bowling Green,OH,NCAA I,M,W
Bradley University,Peoria,IL,NCAA I,M,W
Brenau University,Gainesville,GA,NAIA,,W
Brescia University,Owensboro,KY,NAIA,M,W
Brewton-Parker College,Mount Vernon,GA,NAIA,M,
Briar Cliff University,Sioux City,IA,NAIA,M,W
Bridgewater College,Bridgewater,VA,NCAA III,M,W
Brigham Young University,Provo,UT,NCAA I,M,W
Bristol CC,Fall River,MA,NJCAA,M,W
Bryan College,Dayton,TN,NAIA,M,W
Bryant & Stratton College,Wauwatosa,WI,NJCAA,M,W
Bryant University,Smithfield,RI,NCAA I,M,W
Bucknell University,Lewisburg,PA,NCAA I,M,W
Buena Vista University,Storm Lake,IA,NCAA III,M,W
Bushnell University,Eugene,OR,NAIA,M,W
Butler County CC,Butler,PA,NJCAA,M,W
Butler University,Indianapolis,IN,NCAA I,M,W
Butte College,Oroville,CA,CCCAA,,W
Cal Poly - San Luis Obispo,San Luis Obispo,CA,NCAA I,M,W
Cal State - Bakersfield,Bakersfield,CA,NCAA I,,W
Cal State - Dominguez Hills,Carson,CA,NCAA II,M,
Cal State - East Bay,Hayward,CA,NCAA II,M,W
Cal State - Los Angeles,Los Angeles,CA,NCAA II,,W
Cal State - Monterey Bay,Seaside,CA,NCAA II,M,W
Cal State - Northridge,Northridge,CA,NCAA I,M,W
Cal State - San Bernardino,San Bernardino,CA,NCAA II,M,
Cal State - San Marcos,San Marcos,CA,NCAA II,M,W
Cal State Fullerton,Fullerton,CA,NCAA I,M,W
Calhoun State CC,Tanner,AL,NJCAA,M,W
California Baptist University,Riverside,CA,NCAA I,M,W
California Lutheran University,Thousand Oaks,CA,NCAA III,M,W
California Maritime Academy,Vallejo,CA,NAIA,M,W
California University of PA,California,PA,NCAA II,M,W
Calvin College,Grand Rapids,MI,NCAA III,M,W
Camden County College,Blackwood,NJ,NJCAA,M,W
Cameron University,Lawton,OK,NCAA II,M,W
Campbell University,Buies Creek,NC,NCAA I,M,W
Campbellsville University,Campbellsville,KY,NAIA,M,W
Campbellsville University - Harrodsburg,Harrodsburg,KY,NCCAA,M,W
Canisius College,Buffalo,NY,NCAA I,M,
Capital University,Columbus,OH,NCAA III,M,W
Carl Sandburg College,Galesburg,IL,NJCAA,M,W
Carleton College,Northfield,MN,NCAA III,M,W
Carlow University,Pittsburgh,PA,NAIA,M,W
Carnegie Mellon University,Pittsburgh,PA,NCAA III,M,W
Carroll College,Helena,MT,NAIA,M,W
Carroll Community College,Westminster,MD,NJCAA,M,W
Carroll University,Waukesha,WI,NCAA III,M,W
Carson-Newman University,Jefferson City,TN,NCAA II,M,W
Carthage College,Kenosha,WI,NCAA III,M,W
Castleton University,Castleton,VT,NCAA III,M,
Catawba College,Salisbury,NC,NCAA II,M,W
Catholic University,Washington,DC,NCAA III,M,W
CC of Allegheny County,Pittsburgh,PA,NJCAA,M,W
Cedarville University,Cedarville,OH,NCAA II,M,
Centenary College of Louisiana,Shreveport,LA,NCAA III,M,W
Central Alabama CC,Alexander City,AL,NJCAA,M,
Central Baptist College,Conway,AR,NAIA,M,W
Central Carolina CC,Sanford,NC,NJCAA,M,
Central Christian College of Kansas,McPherson,KS,NAIA,M,W
Central College,Pella,IA,NCAA III,M,W
Central Community College,Grand Island,NE,NJCAA,M,
Central Maine CC,Auburn,ME,USCAA,M,W
Central Methodist University,Fayette,MO,NAIA,M,W
Central Michigan University,Mount Pleasant,MI,NCAA I,M,W
Central Wyoming College,Riverton,WY,NJCAA,M,W
Centralia College,Centralia,WA,NWAC,,W
Centre College,Danville,KY,NCAA III,M,W
Chadron State College,Chadron,NE,NCAA II,,W
Chaminade University,Honolulu,HI,NCAA II,M,
Chandler-Gilbert CC,Chandler,AZ,NJCAA,M,W
Chapman University,Orange,CA,NCAA III,M,W
Charleston Southern University,Charleston,SC,NCAA I,M,W
Chestnut Hill College,Philadelphia,PA,NCAA II,M,
Chicago State University,Chicago,IL,NCAA I,M,W
Chico State (CSU),Chico,CA,NCAA II,M,W
Chowan University,Murfreesboro,NC,NCAA II,M,W
Christian Brothers University,Memphis,TN,NCAA II,M,W
Christopher Newport University,Newport News,VA,NCAA III,M,W
Citadel Military College,Charleston,SC,NCAA I,,W
Citrus College,Glendora,CA,CCCAA,M,W
Claremont McKenna (CMS),Claremont,CA,NCAA III,M,W
Clarion University,Clarion,PA,NCAA II,M,W
Clarke University,Dubuque,IA,NAIA,M,W
Clarks Summit University,South Abington Twp.,PA,NCAA III,M,
Clarkson University,Potsdam,NY,NCAA III,M,
Clayton State University,Morrow,GA,NCAA II,M,
Cleary University,Howell,MI,NAIA,M,W
Clemson University,Clemson,SC,NCAA I,M,W
Cleveland State CC,Cleveland,TN,NJCAA,M,
Cleveland State University,Cleveland,OH,NCAA I,M,W
Coastal Alabama CC,Bay Minette,AL,NJCAA,M,
Coastal Carolina University,Conway,SC,NCAA I,M,W
Coe College,Cedar Rapids,IA,NCAA III,M,W
Coffeyville CC,Coffeyville,KS,NJCAA,M,W
Coker College,Hartsville,SC,NCAA II,M,W
Colby College,Waterville,ME,NCAA III,M,
Colgate University,Hamilton,NY,NCAA I,M,
College of Charleston,Charleston,SC,NCAA I,M,W
College of Coastal Georgia,Brunswick,GA,NAIA,M,W
College of DuPage,Glen Ellyn,IL,NJCAA,M,W
College of Environ Sci & Forestry,Syracuse,NY,USCAA,M,
College of Idaho,Caldwell,ID,NAIA,M,W
College of Lake County,Grayslake,IL,NJCAA,M,
College of Mount Saint Vincent,Bronx,NY,NCAA III,M,
College of Saint Benedict,St. Joseph,MN,NCAA III,,W
College of Saint Mary,Omaha,NE,NAIA,,W
College of Saint Rose,Albany,NY,NCAA II,M,W
College of Saint Scholastica,Duluth,MN,NCAA III,M,W
College of Southern Maryland,La Plata,MD,NJCAA,M,
College of the Canyons,Santa Clarita,CA,CCCAA,M,W
College of the Desert,Palm Desert,CA,CCCAA,M,W
College of the Ozarks,Point Lookout,MO,NCCAA,M,W
College of William & Mary,Williamsburg,VA,NCAA I,M,W
College of Wooster,Wooster,OH,NCAA III,M,W
College/University,City / Campus,State,Division,Teams,
Colorado Christian University,Lakewood,CO,NCAA II,M,W
Colorado Mesa University,Grand Junction,CO,NCAA II,M,W
Colorado School of Mines,Golden,CO,NCAA II,M,
Colorado State University,Fort Collins,CO,NCAA I,M,W
Colorado State University-Pueblo,Pueblo,CO,NCAA II,M,W
Columbia Basin College,Pasco,WA,NWAC,M,W
Columbia College,Columbia,MO,NAIA,M,W
Columbia College,Columbia,SC,NAIA,M,W
Columbia International University,Columbia,SC,NAIA,M,
Columbia University,New York,NY,NCAA I,M,W
Columbus State University,Columbus,GA,NCAA II,M,W
Concord University,Athens,WV,NCAA II,M,W
Concordia College at Moorhead,Moorhead,MN,NCAA III,M,W
Concordia University-Ann Arbor,Ann Arbor,MI,NAIA,M,W
Concordia University-Nebraska,Seward,NE,NAIA,M,W
Concordia University-Saint Paul,Saint Paul,MN,NCAA II,M,W
Concordia University-Texas,Austin,TX,NCAA III,M,W
Concordia University-Wisconsin,Mequon,WI,NCAA III,M,W
Converse College,Spartanburg,SC,NCAA II,,W
Copiah-Lincoln CC,Wesson,MS,NJCAA,M,
Corban University,Salem,OR,NAIA,M,W
Cornell University,Ithaca,NY,NCAA I,M,
Cornerstone University,Grand Rapids,MI,NAIA,M,W
Cottey College,Nevada,MO,NAIA,,W
County College of Morris,Randolph,NJ,NJCAA,M,W
Covenant College,Lookout Mountain,GA,NCAA III,M,
Creighton University,Omaha,NE,NCAA I,M,W
Crowder College,Neosho,MO,NJCAA,M,W
Crowley's Ridge College,Paragould,AR,NAIA,M,W
Crown College,Saint Bonifacius,MN,NCAA III,M,W
Culver-Stockton College,Canton,MO,NAIA,M,W
Cumberland University,Lebanon,TN,NAIA,M,W
Cuyamaca College,El Cajon,CA,CCCAA,M,W
Cypress College,Cypress,CA,CCCAA,M,
Dakota Wesleyan University,Mitchell,SD,NAIA,M,W
Dallas Baptist University,Dallas,TX,NCAA II,M,W
Dallas Christian College,Dallas,TX,NCCAA,M,W
Dalton State College,Dalton,GA,NAIA,M,W
Danville Area CC,Danville,IL,NJCAA,M,W
Dartmouth College,Hanover,NH,NCAA I,M,W
Davenport University,Grand Rapids,MI,NCAA II,M,W
Davidson - Davie CC,Thomasville,NC,NJCAA,M,W
Davidson College,Davidson,NC,NCAA I,M,
Davis & Elkins College,Elkins,WV,NCAA II,M,W
Daytona State College,Daytona Beach,FL,NJCAA,,W
Dean College,Franklin,MA,NCAA III,M,W
Defiance College,Defiance,OH,NCAA III,M,W
Delaware State University,Dover,DE,NCAA I,,W
Delaware Valley University,Doylestown,PA,NCAA III,M,W
Delta College,University Center,MI,NJCAA,M,
Delta State University,Cleveland,MS,NCAA II,M,
Denison University,Granville,OH,NCAA III,M,W
DePaul University,Chicago,IL,NCAA I,M,
DePauw University,Greencastle,IN,NCAA III,M,W
Des Moines Area CC,Ankeny,IA,NJCAA,M,W
DeSales University,Center Valley,PA,NCAA III,M,
Dickinson College,Carlisle,PA,NCAA III,M,W
Dickinson State University,Dickinson,ND,NAIA,M,W
Doane University,Crete,NE,NAIA,M,W
Dodge City CC,Dodge City,KS,NJCAA,M,W
Dominican College,Orangeburg,NY,NCAA II,M,W
Dominican University,River Forest,IL,NCAA III,M,
Dominican University of California,San Rafael,CA,NCAA II,M,W
Dordt College,Sioux Center,IA,NAIA,M,W
Drake University,Des Moines,IA,NCAA I,M,W
Drew University,Madison,NJ,NCAA III,M,W
Drexel University,Philadelphia,PA,NCAA I,M,
Drury University,Springfield,MO,NCAA II,M,W
Duke University,Durham,NC,NCAA I,M,W
Duquesne University,Pittsburgh,PA,NCAA I,,W
Earlham College,Richmond,IN,NCAA III,M,W
East Carolina University,Greenville,NC,NCAA I,M,W
East Central CC,Decatur,MS,NJCAA,M,
East Mississippi CC,Scooba,MS,NJCAA,M,
East Stroudsburg University,East Stroudsburg,PA,NCAA II,,W
East Tennessee State University,Johnson City,TN,NCAA I,M,W
East Texas Baptist University,Marshall,TX,NCAA III,M,W
Eastern Arizona College,Thatcher,AZ,NJCAA,M,
Eastern Connecticut State Univ,Willimantic,CT,NCAA III,M,
Eastern Florida State College,Cocoa,FL,NJCAA,M,W
Eastern Illinois University,Charleston,IL,NCAA I,M,W
Eastern Kentucky University,Richmond,KY,NCAA I,M,W
Eastern Michigan University,Ypsilanti,MI,NCAA I,M,W
Eastern Nazarene College,Quincy,MA,NCAA III,M,
Eastern University,Saint Davids,PA,NCAA III,M,W
Eastern Washington University,Cheney,WA,NCAA I,,W
Eastern Wyoming College,Torrington,WY,NJCAA,M,
Eckerd College,Saint Petersburg,FL,NCAA II,M,W
Edgewood College,Madison,WI,NCAA III,M,W
Edward Waters University,Jacksonville,FL,NCAA II,,W
El Camino College,Torrance,CA,CCCAA,M,
Elgin CC,Elgin,IL,NJCAA,M,
Elizabeth City State University,Elizabeth City,NC,NCAA II,M,
Elizabethtown College,Elizabethtown,PA,NCAA III,M,W
Elmhurst College,Elmhurst,IL,NCAA III,M,W
Elmira College,Elmira,NY,NCAA III,M,
Elms College,Chicopee,MA,NCAA III,M,
Elon University,Elon,NC,NCAA I,M,W
Embry-Riddle Aeronautical Univ,Daytona Beach,FL,NCAA II,M,W
Embry-Riddle Aeronautical University,Prescott,AZ,NAIA,M,W
Emmanuel College,Boston,MA,NCAA III,M,
Emmanuel College,Franklin Springs,GA,NCAA II,M,W
Emory & Henry College,Emory,VA,NCAA II,M,W
Emory Oxford,Oxford,GA,NJCAA,M,W
Emory University,Atlanta,GA,NCAA III,M,W
Endicott College,Beverly,MA,NCAA III,M,
Enterprise State CC,Enterprise,AL,NJCAA,M,W
Erskine College,Due West,SC,NCAA II,M,W
Estrella Mountain CC,Avondale,AZ,NJCAA,M,W
Eureka College,Eureka,IL,NCAA III,M,W
Evangel University,Springfield,MO,NAIA,M,W
Fairfield University,Fairfield,CT,NCAA I,M,W
Fairleigh Dickinson Univ - Florham,Madison,NJ,NCAA III,M,W
Fairleigh Dickinson University,Teaneck,NJ,NCAA I,M,W
Fairmont State University,Fairmont,WV,NCAA II,M,W
Farmingdale State College,Farmingdale,NY,NCAA III,M,
Faulkner University,Montgomery,AL,NAIA,M,W
Fayetteville State University,Fayetteville,NC,NCAA II,M,
Felician University,Rutherford,NJ,NCAA II,M,
Ferris State University,Big Rapids,MI,NCAA II,M,W
Ferrum College,Ferrum,VA,NCAA III,M,W
Fisk University,Nashville,TN,NAIA,M,W
Flagler College,Saint Augustine,FL,NCAA II,M,W
Florida A & M University,Tallahassee,FL,NCAA I,M,
Florida Atlantic University,Boca Raton,FL,NCAA I,M,W
Florida College,Temple Terrace,FL,NAIA,M,W
Florida Gulf Coast University,Fort Myers,FL,NCAA I,M,W
Florida International University,Miami,FL,NCAA I,,W
Florida Southern College,Lakeland,FL,NCAA II,M,W
Florida State University,Tallahassee,FL,NCAA I,M,W
Fontbonne University,Saint Louis,MO,NCAA III,M,W
Fordham University,Bronx,NY,NCAA I,M,
Fort Hays State University,Hays,KS,NCAA II,M,W
Fort Lewis College,Durango,CO,NCAA II,M,W
Fort Scott CC,Fort Scott,KS,NJCAA,M,W
Francis Marion University,Florence,SC,NCAA I,M,
Franciscan University of Steubenville,Steubenville,OH,NCAA III,,W
Franklin & Marshall College,Lancaster,PA,NCAA III,M,W
Franklin College,Franklin,IN,NCAA III,M,W
Franklin Pierce University,Rindge,NH,NCAA II,M,W
Freed-Hardeman University,Henderson,TN,NAIA,M,W
Fresno City College,Fresno,CA,CCCAA,M,W
Fresno State,Fresno,CA,NCAA I,M,W
Friends University,Wichita,KS,NAIA,M,W
Fullerton College,Fullerton,CA,CCCAA,,W
Fulton-Montgomery CC,Johnstown,NY,NJCAA,M,W
Furman University,Greenville,SC,NCAA I,M,W
Gannon University,Erie,PA,NCAA II,M,W
Garden City CC,Garden City,KS,NJCAA,M,W
Gardner-Webb University,Boiling Springs,NC,NCAA I,M,W
Geneva College,Beaver Falls,PA,NCAA III,M,W
George Fox University,Newberg,OR,NCAA III,M,W
George Mason University,Fairfax,VA,NCAA I,M,
George Washington University,Washington,DC,NCAA I,M,
Georgetown College,Georgetown,KY,NAIA,M,W
Georgetown University,Washington,DC,NCAA I,M,W
Georgia College,Milledgeville,GA,NCAA II,M,
Georgia Institute of Technology,Atlanta,GA,NCAA I,M,
Georgia Military College,Milledgeville,GA,NJCAA,M,W
Georgia Southern University,Statesboro,GA,NCAA I,M,W
Georgia Southwestern State Univ,Americus,GA,NCAA II,M,
Georgia State University,Atlanta,GA,NCAA I,M,W
Gettysburg College,Gettysburg,PA,NCAA III,M,W
Glen Oaks CC,Centreville,MI,NJCAA,M,
Glendale CC,Glendale,AZ,NJCAA,M,
Glendale Community College,Glendale,CA,CCCAA,M,
Glenville State College,Glenville,WV,NCAA II,M,W
Goldey-Beacom College,Wilmington,DE,NCAA II,M,
Gonzaga University,Spokane,WA,NCAA I,M,W
Gordon College,Wenham,MA,NCAA III,M,
Goucher College,Baltimore,MD,NCAA III,M,W
Governors State University,University Park,IL,NAIA,M,W
Grace Christian University,Wyoming,MI,NCCAA,M,
Grace College,Winona Lake,IN,NAIA,M,W
Graceland University,Lamoni,IA,NAIA,M,W
Grand Canyon University,Phoenix,AZ,NCAA I,M,W
Grand Rapids CC,Grand Rapids,MI,NJCAA,M,
Grand Valley State University,Allendale,MI,NCAA II,M,W
Grand View University,Des Moines,IA,NAIA,M,W
Grays Harbor College,Aberdeen,WA,NWAC,M,W
Great Bay CC,Portsmouth,NH,USCAA,M,
Greensboro College,Greensboro,NC,NCAA III,M,
Grinnell College,Grinnell,IA,NCAA III,M,W
Grove City College,Grove City,PA,NCAA III,M,W
Guilford College,Greensboro,NC,NCAA III,M,
Gustavus Adolphus College,Saint Peter,MN,NCAA III,M,W
Hagerstown CC,Hagerstown,MD,NJCAA,M,
Hamilton College,Clinton,NY,NCAA III,M,W
Hampden-Sydney College,Hampden-Sydney,VA,NCAA III,M,
Hanover College,Hanover,IN,NCAA III,M,W
Hardin-Simmons University,Abilene,TX,NCAA III,M,W
Harding University,Searcy,AR,NCAA II,M,W
Harvard University,Cambridge,MA,NCAA I,M,W
Harvey Mudd College (CMS),Claremont,CA,NCAA III,M,W
Haskell Indian Nations University,Lawrence,KS,NAIA,M,
Hastings College,Hastings,NE,NAIA,M,W
Hawaii Pacific University,Honolulu,HI,NCAA II,M,W
Hawkeye Community College,Waterloo,IA,NJCAA,M,W
Heartland Community College,Normal,IL,NJCAA,M,
Heidelberg University,Tiffin,OH,NCAA III,M,W
Henderson State University,Arkadelphia,AR,NCAA II,M,W
Hendrix College,Conway,AR,NCAA III,M,W
Henry Ford College,Dearborn,MI,NJCAA,M,W
Herkimer College,Herkimer,NY,NJCAA,M,W
Hesston College,Hesston,KS,NJCAA,M,
High Point University,High Point,NC,NCAA I,M,W
Highland Community College,Freeport,IL,NJCAA,M,
Highline College,Des Moines,WA,NWAC,,W
Hilbert College,Hamburg,NY,NCAA III,M,W
Hillsdale College,Hillsdale,MI,NCAA II,M,
Hinds Community College,Raymond,MS,NJCAA,M,
Hiram College,Hiram,OH,NCAA III,M,W
Hobart William Smith Colleges,Geneva,NY,NCAA III,M,W
Hofstra University,Hempstead,NY,NCAA I,M,W
Holy Cross,Worcester,MA,NCAA I,M,W
Holy Cross College,Notre Dame,IN,NAIA,M,W
Holy Names University,Oakland,CA,NCAA II,M,W
Holyoke CC,Holyoke,MA,NJCAA,M,W
Hood College,Frederick,MD,NCAA III,M,W
Hope College,Holland,MI,NCAA III,M,W
Hope International University,Fullerton,CA,NAIA,M,W
Houston Christian University,Houston,TX,NCAA I,M,W
Howard Payne University,Brownwood,TX,NCAA III,M,W
Howard University,Washington,DC,NCAA I,M,W
Hudson Valley CC,Troy,NY,NJCAA,M,W
Huntingdon College,Montgomery,AL,NCAA III,M,W
Huntington University,Huntington,IN,NAIA,M,W
Husson University,Bangor,ME,NCAA III,M,W
Hutchinson CC,Hutchinson,KS,NJCAA,M,
Idaho State University,Pocatello,ID,NCAA I,,W
Illinois Central College,East Peoria,IL,NJCAA,M,
Illinois College,Jacksonville,IL,NCAA III,M,W
Illinois State University,Normal,IL,NCAA I,M,W
Illinois Valley CC,Oglesby,IL,NJCAA,M,
Illinois Wesleyan University,Bloomington,IL,NCAA III,M,W
Indian Hills CC,Ottumwa,IA,NJCAA,M,W
Indiana Institute of Technology,Fort Wayne,IN,NAIA,M,W
Indiana State University,Terre Haute,IN,NCAA I,,W
Indiana University,Bloomington,IN,NCAA I,M,W
Indiana University of Pennsylvania,Indiana,PA,NCAA II,M,
Indiana University-East,Richmond,IN,NAIA,M,W
Indiana University-Kokomo,Kokomo,IN,NAIA,M,W
Indiana University-South Bend,South Bend,IN,NAIA,M,W
Indiana Wesleyan University,Marion,IN,NAIA,M,W
Indiana-Purdue Univ- Fort Wayne,Fort Wayne,IN,NCAA I,M,W
Indiana-Purdue Univ- Indianapolis,Indianapolis,IN,NCAA I,M,W
Iona College,New Rochelle,NY,NCAA I,M,
Iowa Central CC,Fort Dodge,IA,NJCAA,M,W
Iowa Lakes CC,Estherville,IA,NJCAA,M,W
Iowa State University,Ames,IA,NCAA I,M,W
Iowa Wesleyan University,Mount Pleasant,IA,NAIA,M,W
Iowa Western CC,Council Bluffs,IA,NJCAA,M,W
Itawamba Community College,Fulton,MS,NJCAA,M,
Ithaca College,Ithaca,NY,NCAA III,,W
Jackson College,Jackson,MI,NJCAA,M,
Jacksonville College,Jacksonville,TX,NJCAA,M,W
Jacksonville State University,Jacksonville,AL,NCAA I,M,W
Jacksonville University,Jacksonville,FL,NCAA I,M,W
James Madison University,Harrisonburg,VA,NCAA I,M,W
Jamestown Community College,Jamestown,NY,NJCAA,M,W
Jarvis Christian University,Hawkins,TX,NAIA,M,W
Jefferson Community College,Watertown,NY,NJCAA,M,W
Jefferson State Community College,Birmingham,AL,NJCAA,M,W
John A Logan College,Carterville,IL,NJCAA,M,W
John Carroll University,University Hgts,OH,NCAA III,M,W
Johnson & Wales University,Charlotte,NC,USCAA,M,W
Johnson C. Smith University,Charlotte,NC,NCAA II,M,
Jones College,Ellisville,MS,NJCAA,M,
Judson University,Elgin,IL,NAIA,M,W
Juniata College,Huntingdon,PA,NCAA III,M,W
Kalamazoo College,Kalamazoo,MI,NCAA III,M,W
Kansas City Kansas CC,Kansas City,KS,NJCAA,M,
Kansas State University,Manhattan,KS,NCAA I,M,W
Kansas Wesleyan University,Salina,KS,NAIA,M,W
Keene State College,Keene,NH,NCAA III,M,W
Keiser University,Fort Lauderdale,FL,NAIA,M,W
Kennesaw State University,Kennesaw,GA,NCAA I,M,W
Kent State Univ at Tuscarawas,New Philadelphia,OH,USCAA,M,
Kent State University,Kent,OH,NCAA I,M,W
Kentucky Christian University,Grayson,KY,NAIA,M,W
Kentucky State University,Frankfort,KY,NCAA II,M,
Kentucky Wesleyan College,Owensboro,KY,NCAA II,M,W
Kenyon College,Gambier,OH,NCAA III,M,
Keuka College,Keuka Park,NY,NCAA III,M,W
King University,Bristol,TN,NCAA II,M,W
King's College,Wilkes-Barre,PA,NCAA III,M,W
Kirkwood CC,Cedar Rapids,IA,NJCAA,M,
Kirtland Community College,Roscommon,MI,NJCAA,M,W
Kishwaukee College,Malta,IL,NJCAA,M,W
Knox College,Galesburg,IL,NCAA III,M,W
Kutztown University,Kutztown,PA,NCAA II,,W
La Roche College,Pittsburgh,PA,NCAA III,M,
La Salle University,Philadelphia,PA,NCAA I,M,W
Lafayette College,Easton,PA,NCAA I,M,
LaGrange College,Lagrange,GA,NCAA III,M,
Lake Erie College,Painesville,OH,NCAA II,M,W
Lake Forest College,Lake Forest,IL,NCAA III,M,W
Lake Superior State University,Sault Ste Marie,MI,NCAA II,M,W
Lakeland University,Plymouth,WI,NCAA III,M,W
Lamar CC,Lamar,CO,NJCAA,M,
Lamar University,Beaumont,TX,NCAA I,M,W
Lancaster Bible College,Lancaster,PA,NCAA III,M,
Lander University,Greenwood,SC,NCAA II,M,W
Lawrence Technological University,Southfield,MI,NAIA,M,W
Le Moyne College,Syracuse,NY,NCAA II,M,W
Le Moyne-Owen College,Memphis,TN,NCAA II,M,
Lebanon Valley College,Annville,PA,NCAA III,M,W
Lee University,Cleveland,TN,NCAA II,M,W
Lehigh Carbon CC,Schnecksville,PA,NJCAA,M,
Lehigh University,Bethlehem,PA,NCAA I,M,W
Lenoir-Rhyne University,Hickory,NC,NCAA II,M,W
LeTourneau University,Longview,TX,NCAA III,M,W
Lewis & Clark College,Portland,OR,NCAA III,M,W
Lewis and Clark CC,Godfrey,IL,NJCAA,M,
Lewis University,Romeoville,IL,NCAA II,M,W
Lewis-Clark State College,Lewiston,ID,NAIA,M,W
Liberty University,Lynchburg,VA,NCAA I,M,
Limestone College,Gaffney,SC,NCAA II,M,W
Lincoln Memorial University,Harrogate,TN,NCAA II,M,W
Lincoln Trail College,Robinson,IL,NJCAA,M,
Lincoln University,Jefferson City,MO,NCAA II,M,W
Lindenwood University,Saint Charles,MO,NCAA I,M,W
Lindsey Wilson College,Columbia,KY,NAIA,M,W
Linfield College,McMinnville,OR,NCAA III,M,W
Lipscomb University,Nashville,TN,NCAA I,M,W
Livingstone College,Salisbury,NC,NCAA II,M,
Lock Haven University,Lock Haven,PA,NCAA II,,W
Long Beach State,Long Beach,CA,NCAA I,M,W
Long Island University,Brooklyn,NY,NCAA I,M,W
Longwood University,Farmville,VA,NCAA I,M,W
Loras College,Dubuque,IA,NCAA III,M,W
Louisiana Christian University,Pineville,LA,NAIA,M,
Louisiana State University,Baton Rouge,LA,NCAA I,M,W
Louisiana Tech University,Ruston,LA,NCAA I,M,
Lourdes University,Sylvania,OH,NAIA,M,W
Loyola Marymount University,Los Angeles,CA,NCAA I,M,
Loyola University Chicago,Chicago,IL,NCAA I,M,W
Loyola University Maryland,Baltimore,MD,NCAA I,M,
Loyola University New Orleans,New Orleans,LA,NAIA,M,W
Lubbock Christian University,Lubbock,TX,NCAA II,M,W
Luther College,Decorah,IA,NCAA III,M,W
Lycoming College,Williamsport,PA,NCAA III,M,
Lynn University,Boca Raton,FL,NCAA II,M,W
Lyon College,Batesville,AR,NCAA III,M,W
Macalester College,Saint Paul,MN,NCAA III,M,W
Madison College,Madison,WI,NJCAA,M,
Madonna University,Livonia,MI,NAIA,M,W
Maine Maritime Academy,Castine,ME,NCAA III,M,
Malone University,Canton,OH,NCAA II,M,W
Manchester University,North Manchester,IN,NCAA III,,W
Manhattan College,Riverdale,NY,NCAA I,M,
Manhattanville College,Purchase,NY,NCAA III,M,W
Marian University,Indianapolis,IN,NAIA,M,W
Marian University,Fond Du Lac,WI,NCAA III,M,W
Marietta College,Marietta,OH,NCAA III,M,W
Marquette University,Milwaukee,WI,NCAA I,M,
Mars Hill University,Mars Hill,NC,NCAA II,M,W
Marshall University,Huntington,WV,NCAA I,M,W
Martin Luther College,New Ulm,MN,NCAA III,M,W
Marymount University,Arlington,VA,NCAA III,M,W
Maryville College,Maryville,TN,NCAA III,M,W
Maryville University of Saint Louis,Saint Louis,MO,NCAA II,M,W
Marywood University,Scranton,PA,NCAA III,M,W
Massachusetts Bay CC,Wellesley Hills,MA,NJCAA,M,W
Massachusetts College of Liberal Arts,North Adams,MA,NCAA III,M,
Massasoit CC,Brockton,MA,NJCAA,M,
Master's University,Santa Clarita,CA,NAIA,M,W
McCook Community College,McCook,NE,NJCAA,M,
McDaniel College,Westminster,MD,NCAA III,M,W
McKendree University,Lebanon,IL,NCAA II,M,W
McLennan Community College,Waco,TX,NJCAA,M,W
McMurry University,Abilene,TX,NCAA III,M,W
Medaille College,Buffalo,NY,NCAA III,M,
Menlo College,Atherton,CA,NAIA,M,W
Mercer University,Macon,GA,NCAA I,M,W
Mercyhurst University,Erie,PA,NCAA II,M,W
Meredith College,Raleigh,NC,NCAA III,,W
Meridian Community College,Meridian,MS,NJCAA,M,
Merrimack College,North Andover,MA,NCAA I,M,W
Mesa Community College,Mesa,AZ,NJCAA,M,W
Mesalands Community College,Tucumcari,NM,NJCAA,M,W
Methodist University,Fayetteville,NC,NCAA III,M,W
Metropolitan CC-Kansas City,Kansas City,MO,NJCAA,M,W
Metropolitan State Univ of Denver,Denver,CO,NCAA II,,W
Miami University,Oxford,OH,NCAA I,M,
Miami University - Hamilton,Hamilton,OH,USCAA,M,
Miami University - Middletown,Middletown,OH,USCAA,M,
Michigan State University,East Lansing,MI,NCAA I,M,W
Mid-Atlantic Christian University,Elizabeth City,NC,USCAA,M,
MidAmerica Nazarene University,Olathe,KS,NAIA,M,W
Middle Tennessee State Univ,Murfreesboro,TN,NCAA I,M,W
Middlebury College,Middlebury,VT,NCAA III,M,W
Midland College,Midland,TX,NJCAA,M,
Midland University,Fremont,NE,NAIA,M,W
Midway University,Midway,KY,NAIA,M,W
Midwestern State University,Wichita Falls,TX,NCAA II,M,W
Miles College,Fairfield,AL,NCAA II,M,
Millersville University,Millersville,PA,NCAA II,M,W
Milligan College,Johnson City,TN,NAIA,M,W
Millikin University,Decatur,IL,NCAA III,M,W
Millsaps College,Jackson,MS,NCAA III,M,W
Milwaukee School of Engineering,Milwaukee,WI,NCAA III,M,W
Mineral Area College,Park Hills,MO,NJCAA,M,
Minnesota State CC & Tech College,Fergus Falls,MN,NJCAA,M,W
Minnesota State University Moorhead,Moorhead,MN,NCAA II,,W
Minnesota State University-Mankato,Mankato,MN,NCAA II,M,W
Minnesota West CC & Tech College,Granite Falls,MN,NJCAA,,W
Minot State University,Minot,ND,NCAA II,M,W
Misericordia University,Dallas,PA,NCAA III,M,W
Mississippi College,Clinton,MS,NCAA II,M,W
Mississippi Gulf Coast CC,Perkinston,MS,NJCAA,M,
Mississippi State University,Mississippi State,MS,NCAA I,M,W
Mississippi University for Women,Columbus,MS,NCAA III,M,W
Missouri Baptist University,Saint Louis,MO,NAIA,M,W
Missouri Southern State University,Joplin,MO,NCAA II,M,W
Missouri State University,Springfield,MO,NCAA I,M,W
Missouri Univ of Science & Technology,Rolla,MO,NCAA II,M,
Missouri Valley College,Marshall,MO,NAIA,M,W
Missouri Western State University,Saint Joseph,MO,NCAA II,M,W
Mitchell College,New London,CT,NCAA III,M,
Modesto Junior College,Modesto,CA,CCCAA,M,W
Mohawk Valley CC,Utica,NY,NJCAA,M,W
Monmouth College,Monmouth,IL,NCAA III,M,W
Monmouth University,West Long Branch,NJ,NCAA I,M,W
Montana State University,Bozeman,MT,NCAA I,,W
Montana State University-Billings,Billings,MT,NCAA II,M,W
Montana State University-Northern,Havre,MT,NAIA,M,W
Montana Tech,Butte,MT,NAIA,M,W
Monterey Peninsula College,Monterey,CA,CCCAA,M,
Montreat College,Montreat,NC,NAIA,M,W
Moorpark College,Moorpark,CA,CCCAA,,W
Moraine Valley CC,Palos Hills,IL,NJCAA,M,
Moravian College,Bethlehem,PA,NCAA III,M,W
Morehead State University,Morehead,KY,NCAA I,M,W
Morehouse College,Atlanta,GA,NCAA II,M,
Morningside College,Sioux City,IA,NAIA,M,W
Morton College,Cicero,IL,NJCAA,M,W
Mott Community College,Flint,MI,NJCAA,M,
Mount Aloysius College,Cresson,PA,NCAA III,M,W
Mount Marty College,Yankton,SD,NAIA,M,W
Mount Mary University,Milwaukee,WI,NCAA III,,W
Mount Mercy University,Cedar Rapids,IA,NAIA,M,W
Mount Saint Joseph University,Cincinnati,OH,NCAA III,M,W
Mount Saint Mary College,Newburgh,NY,NCAA III,M,W
Mount St Mary's University,Emmitsburg,MD,NCAA I,M,W
Mount Vernon Nazarene University,Mount Vernon,OH,NAIA,M,W
Mt San Antonio College,Walnut,CA,CCCAA,M,W
Mt San Jacinto College,San Jacinto,CA,CCCAA,M,W
Muhlenberg College,Allentown,PA,NCAA III,M,W
Multnomah University,Portland,OR,NAIA,M,
Murray State College,Tishomingo,OK,NJCAA,M,W
Murray State University,Murray,KY,NCAA I,M,W
Muskegon Community College,Muskegon,MI,NJCAA,M,
Muskingum University,New Concord,OH,NCAA III,M,W
Napa Valley College,Napa,CA,CCCAA,M,W
Nassau Community College,Garden City,NY,NJCAA,M,
Nazareth College,Rochester,NY,NCAA III,M,W
Nebraska Wesleyan University,Lincoln,NE,NCAA III,M,W
Neumann University,Aston,PA,NCAA III,M,W
New England College,Henniker,NH,NCAA III,M,
New Jersey City University,Jersey City,NJ,NCAA III,M,W
New Mexico Junior College,Hobbs,NM,NJCAA,M,
New Mexico Military Institute,Roswell,NM,NJCAA,M,
New Mexico State University,Las Cruces,NM,NCAA I,M,W
New York University,New York,NY,NCAA III,M,W
Newberry College,Newberry,SC,NCAA II,M,W
Newman University,Wichita,KS,NCAA II,M,W
NHTI-Concord's CC,Concord,NH,USCAA,M,W
Niagara County CC,Sanborn,NY,NJCAA,M,W
Niagara University,Niagara University,NY,NCAA I,M,W
Nicholls State University,Thibodaux,LA,NCAA I,M,
Nichols College,Dudley,MA,NCAA III,M,W
North Carolina A & T State University,Greensboro,NC,NCAA I,M,W
North Carolina Central University,Durham,NC,NCAA I,M,W
North Carolina State University,Raleigh,NC,NCAA I,M,W
North Carolina Wesleyan College,Rocky Mount,NC,NCAA III,M,
North Central College,Naperville,IL,NCAA III,M,W
North Central Missouri College,Trenton,MO,NJCAA,M,W
North Central University,Minneapolis,MN,NCAA III,M,W
North Dakota State University,Fargo,ND,NCAA I,M,W
North Greenville University,Tigerville,SC,NCAA II,M,W
North Idaho College,Coeur d'Alene,ID,NWAC,M,W
North Iowa Area CC,Mason City,IA,NJCAA,M,W
North Park University,Chicago,IL,NCAA III,M,W
Northeast Alabama CC,Rainsville,AL,NJCAA,M,W
Northeast Community College,Norfolk,NE,NJCAA,M,
Northeast Mississippi CC,Booneville,MS,NJCAA,M,
Northeastern Junior College,Sterling,CO,NJCAA,M,W
Northeastern State University,Tahlequah,OK,NCAA II,M,W
Northeastern Technical College,Cheraw,SC,NJCAA,M,W
Northern Arizona University,Flagstaff,AZ,NCAA I,,W
Northern Essex CC,Haverhill,MA,NJCAA,M,W
Northern Illinois University,Dekalb,IL,NCAA I,M,W
Northern Kentucky University,Highland Heights,KY,NCAA I,M,W
Northern Michigan University,Marquette,MI,NCAA II,M,W
Northern New Mexico College,Espanola,NM,NAIA,M,W
Northern Vermont Univ - Johnson,Johnson,VT,NCAA III,M,
Northland College,Ashland,WI,NCAA III,M,W
Northwest Missouri State Univ,Maryville,MO,NCAA II,,W
Northwest Nazarene University,Nampa,ID,NCAA II,M,W
Northwestern College,Orange City,IA,NAIA,M,W
Northwestern Oklahoma State Univ,Alva,OK,NCAA II,M,W
Northwestern University,Evanston,IL,NCAA I,M,W
Northwood University,Midland,MI,NCAA II,M,W
Norwich University,Northfield,VT,NCAA III,M,
Nova Southeastern University,Fort Lauderdale,FL,NCAA II,M,W
Oakland CC,Bloomfield Hills,MI,NJCAA,M,
Oakland City University,Oakland City,IN,NAIA,M,W
Oakland University,Rochester Hills,MI,NCAA I,M,W
Oakton CC,Des Plaines,IL,NJCAA,M,W
Occidental College,Los Angeles,CA,NCAA III,M,W
Ocean County College,Toms River,NJ,NJCAA,M,
Odessa College,Odessa,TX,NJCAA,M,W
Oglethorpe University,Atlanta,GA,NCAA III,M,W
Ohio Christian University,Circleville,OH,NAIA,M,W
Ohio Dominican University,Columbus,OH,NCAA II,M,W
Ohio Northern University,Ada,OH,NCAA III,M,W
Ohio State University,Columbus,OH,NCAA I,M,W
Ohio University,Athens,OH,NCAA I,M,W
Ohio Wesleyan University,Delaware,OH,NCAA III,M,W
Oklahoma Baptist University,Shawnee,OK,NCAA II,,W
Oklahoma Christian University,Edmond,OK,NCAA II,M,W
Oklahoma City University,Oklahoma City,OK,NAIA,M,W
Oklahoma Panhandle State Univ,Goodwell,OK,NAIA,M,W
Oklahoma State University,Stillwater,OK,NCAA I,M,W
Oklahoma Wesleyan University,Bartlesville,OK,NAIA,M,W
Old Dominion University,Norfolk,VA,NCAA I,M,W
Olivet College,Olivet,MI,NCAA III,M,W
Olivet Nazarene University,Bourbonnais,IL,NAIA,M,W
Olympic College,Bremerton,WA,NWAC,M,W
Onondaga Community College,Syracuse,NY,NJCAA,M,W
Oral Roberts University,Tulsa,OK,NCAA I,M,W
Orange Coast College,Costa Mesa,CA,CCCAA,M,W
Orange County CC,Middletown,NY,NJCAA,M,
Oregon Institute of Technology,Klamath Falls,OR,NAIA,M,W
Oregon State University,Corvallis,OR,NCAA I,M,W
Otero Junior College,La Junta,CO,NJCAA,M,W
Ottawa University,Ottawa,KS,NAIA,M,W
Ottawa University - Arizona,Surprise,AZ,NAIA,M,W
Otterbein University,Westerville,OH,NCAA III,M,W
Our Lady of the Lake University,San Antonio,TX,NAIA,M,W
Pacific Lutheran University,Tacoma,WA,NCAA III,M,W
Pacific University,Forest Grove,OR,NCAA III,M,W
Paine College,Augusta,GA,NCCAA,M,W
Palm Beach Atlantic University,West Palm Beach,FL,NCAA II,M,W
Paradise Valley CC,Phoenix,AZ,NJCAA,M,W
Park University,Parkville,MO,NAIA,M,W
Park University - Gilbert,Gilbert,AZ,NAIA,M,W
Parkland College,Champaign,IL,NJCAA,M,
Patrick Henry CC,Martinsville,VA,NJCAA,M,W
Paul Smith's College,Paul Smiths,NY,USCAA,M,W
Pearl River CC,Poplarville,MS,NJCAA,M,
Penn State - Abington,Abington,PA,NCAA III,M,
Penn State - Altoona,Altoona,PA,NCAA III,M,
Penn State - Berks,Reading,PA,NCAA III,M,
Penn State - Brandywine,Media,PA,USCAA,M,
Penn State - DuBois,DuBois,PA,USCAA,M,W
Penn State - Erie-Behrend College,Erie,PA,NCAA III,M,W
Penn State - Fayette- Eberly,Lemont Furnace,PA,USCAA,M,W
Penn State - Greater Allegheny,McKeesport,PA,USCAA,M,W
Penn State - Harrisburg,Middletown,PA,NCAA III,M,
Penn State - Hazleton,Hazleton,PA,USCAA,M,
Penn State - Lehigh Valley,Center Valley,PA,USCAA,M,W
Penn State - Mont Alto,Mont Alto,PA,USCAA,M,W
Penn State - Schuylkill,Schuylkill Haven,PA,NAIA,M,
Penn State - Scranton,Dunmore,PA,USCAA,M,W
Penn State - Shenango,Sharon,PA,USCAA,M,W
Penn State - Wilkes-Barre,Lehman,PA,USCAA,M,
Penn State - York,York,PA,USCAA,M,W
Pennsylvania College of Technology,Williamsport,PA,NCAA III,M,
Pennsylvania Highlands CC,Johnstown,PA,NJCAA,M,W
Pennsylvania State University,University Park,PA,NCAA I,M,W
Pepperdine University,Malibu,CA,NCAA I,M,W
Peru State College,Peru,NE,NAIA,,W
Pfeiffer University,Misenheimer,NC,NCAA III,M,W
Piedmont College,Demorest,GA,NCAA III,M,W
Pima Community College,Tucson,AZ,NJCAA,M,W
Pitzer College (Pomona-Pitzer),Claremont,CA,NCAA III,M,W
Point Loma Nazarene University,San Diego,CA,NCAA II,,W
Point Park University,Pittsburgh,PA,NAIA,M,W
Point University,West Point,GA,NAIA,M,W
Pomona College (Pomona - Pitzer),Claremont,CA,NCAA III,M,W
Portland State University,Portland,OR,NCAA I,,W
Post University,Waterbury,CT,NCAA II,M,W
Prairie View A & M University,Prairie View,TX,NCAA I,M,W
Presbyterian College,Clinton,SC,NCAA I,M,W
Princeton University,Princeton,NJ,NCAA I,M,W
Providence Christian College,Pasadena,CA,NAIA,M,W
Purdue University,West Lafayette,IN,NCAA I,M,W
Purdue University Northwest,Westville,IN,NCAA II,M,W
Queens University of Charlotte,Charlotte,NC,NCAA I,M,W
Quincy University,Quincy,IL,NCAA II,M,W
Quinnipiac University,Hamden,CT,NCAA I,,W
Radford University,Radford,VA,NCAA I,M,W
Randolph-Macon College,Ashland,VA,NCAA III,M,W
Ranger College,Ranger,TX,NJCAA,M,W
Raritan Valley CC,Branchburg,NJ,NJCAA,M,
Redlands Community College,El Reno,OK,NJCAA,,W
Reedley College,Reedley,CA,CCCAA,M,W
Regis University,Denver,CO,NCAA II,M,W
Reinhardt University,Waleska,GA,NAIA,M,W
Rend Lake College,Ina,IL,NJCAA,M,W
Rensselaer Polytechnic Institute,Troy,NY,NCAA III,M,
Rhode Island College,Providence,RI,NCAA III,M,W
Rhodes College,Memphis,TN,NCAA III,M,W
Rice University,Houston,TX,NCAA I,M,
Rider University,Lawrenceville,NJ,NCAA I,M,
Riverside City College,Riverside,CA,CCCAA,M,
Roane State CC,Harriman,TN,NJCAA,M,W
Roanoke College,Salem,VA,NCAA III,M,
Robert Morris University,Moon Township,PA,NCAA I,M,
Rochester College,Rochester Hills,MI,NAIA,M,W
Rock Valley College,Rockford,IL,NJCAA,M,W
Rockford University,Rockford,IL,NCAA III,,W
Rockhurst University,Kansas City,MO,NCAA II,M,W
Rockland Community College,Suffern,NY,NJCAA,M,W
Rocky Mountain College,Billings,MT,NAIA,M,W
Roger Williams University,Bristol,RI,NCAA III,M,
Rogers State University,Claremore,OK,NCAA II,M,W
Rollins College,Winter Park,FL,NCAA II,M,W
Roosevelt University,Chicago,IL,NAIA,M,
Rose-Hulman Institute of Technology,Terre Haute,IN,NCAA III,M,W
Rosemont College,Rosemont,PA,NCAA III,M,
Rowan College - Cumberland,Vineland,NJ,NJCAA,M,W
Rowan College - Gloucester,Sewell,NJ,NJCAA,M,W
Russell Sage College,Troy,NY,NCAA III,M,W
Rutgers University,New Brunswick,NJ,NCAA I,M,W
Rutgers University-Camden,Camden,NJ,NCAA III,M,
Sacramento City College,Sacramento,CA,CCCAA,,W
Sacramento State,Sacramento,CA,NCAA I,M,W
Sacred Heart University,Fairfield,CT,NCAA I,M,W
Saddleback College,Mission Viejo,CA,CCCAA,M,W
Saginaw Valley State University,University Center,MI,NCAA II,M,W
Saint Ambrose University,Davenport,IA,NAIA,M,W
Saint Anselm College,Manchester,NH,NCAA II,M,W
Saint Augustine's University,Raleigh,NC,NCAA II,M,
Saint Francis University,Loretto,PA,NCAA I,M,W
Saint John Fisher College,Rochester,NY,NCAA III,M,W
Saint John's University,Collegeville,MN,NCAA III,M,
Saint Joseph's College of Maine,Standish,ME,NCAA III,M,W
Saint Joseph's University,Philadelphia,PA,NCAA I,M,
Saint Joseph's University - Long Island,Patchogue,NY,NCAA III,M,
Saint Leo University,Saint Leo,FL,NCAA II,M,W
Saint Martin's University,Lacey,WA,NCAA II,M,W
Saint Mary-of-the-Woods,St Mary Woods,IN,NAIA,M,W
Saint Mary's College,Notre Dame,IN,NCAA III,,W
Saint Mary's College,Moraga,CA,NCAA I,M,
Saint Michael's College,Colchester,VT,NCAA II,M,
Saint Peter's University,Jersey City,NJ,NCAA I,M,
Saint Vincent College,Latrobe,PA,NCAA III,M,W
Saint Xavier University,Chicago,IL,NAIA,M,W
Salem State University,Salem,MA,NCAA III,M,
Sam Houston State University,Huntsville,TX,NCAA I,M,W
Samford University,Birmingham,AL,NCAA I,M,W
San Diego State University,San Diego,CA,NCAA I,M,W
San Joaquin Delta College,Stockton,CA,CCCAA,M,W
San Jose City College,San Jose,CA,CCCAA,M,
San Jose State University,San Jose,CA,NCAA I,M,W
Sandhills CC,Pinehurst,NC,NJCAA,M,W
Santa Barbara City College,Santa Barbara,CA,CCCAA,M,W
Santa Clara University,Santa Clara,CA,NCAA I,M,W
Sauk Valley CC,Dixon,IL,NJCAA,M,W
Savannah College of Art & Design,Savannah,GA,NAIA,M,W
Savannah College of Art & Design,Atlanta,GA,NAIA,M,W
Savannah State University,Savannah,GA,NCAA II,M,W
Schreiner University,Kerrville,TX,NCAA III,M,W
Scripps College (CMS),Claremont,CA,NCAA III,,W
Seattle University,Seattle,WA,NCAA I,M,W
Seminole State College,Seminole,OK,NJCAA,M,W
Seminole State College of Florida,Sanford,FL,NJCAA,,W
Seton Hall University,South Orange,NJ,NCAA I,M,W
Seton Hill University,Greensburg,PA,NCAA II,,W
Sewanee-The University of the South,Sewanee,TN,NCAA III,M,W
Shawnee State University,Portsmouth,OH,NAIA,M,W
Shelton State CC,Tuscaloosa,AL,NJCAA,M,W
Shenandoah University,Winchester,VA,NCAA III,M,W
Shepherd University,Shepherdstown,WV,NCAA II,M,W
Shorter University,Rome,GA,NCAA II,M,W
Siena College,Loudonville,NY,NCAA I,M,W
Siena Heights University,Adrian,MI,NAIA,M,W
Sierra College,Rocklin,CA,CCCAA,M,W
Simpson College,Indianola,IA,NCAA III,M,W
Simpson University,Redding,CA,NAIA,M,W
Skagit Valley College,Mount Vernon,WA,NWAC,M,W
Skidmore College,Saratoga Springs,NY,NCAA III,M,
Snead State CC,Boaz,AL,NJCAA,M,W
Soka University of America,Aliso Viejo,CA,NAIA,,W
Sonoma State University,Rohnert Park,CA,NCAA II,M,W
South Dakota School of Mines & Tech,Rapid City,SD,NCAA II,M,W
South Dakota State University,Brookings,SD,NCAA I,M,W
South Mountain CC,Phoenix,AZ,NJCAA,M,W
Southeast Community College,Lincoln,NE,NJCAA,M,
Southeastern CC,West Burlington,IA,NJCAA,M,W
Southeastern Illinois College,Harrisburg,IL,NJCAA,M,
Southeastern Louisiana University,Hammond,LA,NCAA I,M,
Southeastern Oklahoma State Univ,Durant,OK,NCAA II,M,
Southeastern University,Lakeland,FL,NAIA,M,W
Southern Arkansas University,Magnolia,AR,NCAA II,M,W
Southern Illinois Univ- Edwardsville,Edwardsville,IL,NCAA I,M,
Southern Illinois University,Carbondale,IL,NCAA I,M,W
Southern Maine CC,South Portland,ME,USCAA,M,W
Southern Methodist University,Dallas,TX,NCAA I,M,W
Southern Nazarene University,Bethany,OK,NCAA II,M,W
Southern New Hampshire Univ,Manchester,NH,NCAA II,M,
Southern Oregon University,Ashland,OR,NAIA,M,W
Southern Union State CC,Wadley,AL,NJCAA,M,W
Southern Utah University,Cedar City,UT,NCAA I,M,W
Southern Virginia University,Buena Vista,VA,NCAA III,M,W
Southwest Minnesota State Univ,Marshall,MN,NCAA II,,W
Southwest Mississippi CC,Summit,MS,NJCAA,M,
Southwest Virginia CC,Cedar Bluff,VA,NJCAA,M,W
Southwest Wisconsin Tech College,Fennimore,WI,NJCAA,M,W
Southwestern CC,Creston,IA,NJCAA,M,W
Southwestern Christian University,Bethany,OK,NAIA,M,W
Southwestern College,Winfield,KS,NAIA,M,W
Southwestern Oklahoma State Univ,Weatherford,OK,NCAA II,M,W
Southwestern Oregon CC,Coos Bay,OR,NWAC,M,W
Southwestern University,Georgetown,TX,NCAA III,M,W
Spalding University,Louisville,KY,NCAA III,M,W
Spartanburg Methodist College,Spartanburg,SC,NJCAA,M,W
Spokane Community College,Spokane,WA,NWAC,M,W
Spring Arbor University,Spring Arbor,MI,NAIA,M,W
Spring Hill College,Mobile,AL,NCAA II,M,W
Springfield College,Springfield,MA,NCAA III,M,
St Andrews University,Laurinburg,NC,NAIA,M,W
St Bonaventure University,Saint Bonaventure,NY,NCAA I,M,
St Catherine University,Saint Paul,MN,NCAA III,,W
St Clair County CC,Port Huron,MI,NJCAA,M,W
St John's University,Queens,NY,NCAA I,M,W
St Lawrence University,Canton,NY,NCAA III,M,W
St Mary's University,San Antonio,TX,NCAA II,M,W
St Olaf College,Northfield,MN,NCAA III,M,W
St Thomas University,Miami Gardens,FL,NAIA,M,W
St. Norbert College,De Pere,WI,NCAA III,M,W
St. Thomas Aquinas College,Sparkill,NY,NCAA II,M,
Stanford University,Palo Alto,CA,NCAA I,M,W
Stanislaus State (CSU),Turlock,CA,NCAA II,M,
State Fair Community College,Sedalia,MO,NJCAA,M,
Stephen F Austin State University,Nacogdoches,TX,NCAA I,M,W
Sterling College,Sterling,KS,NAIA,M,W
Stetson University,DeLand,FL,NCAA I,M,W
Stevens Institute of Technology,Hoboken,NJ,NCAA III,M,
Stevenson University,Stevenson,MD,NCAA III,M,W
Stockton University,Galloway,NJ,NCAA III,,W
Stonehill College,Easton,MA,NCAA I,,W
Suffolk University,Boston,MA,NCAA III,M,W
Sullivan County CC,Loch Sheldrake,NY,NJCAA,M,W
SUNY at Purchase College,Purchase,NY,NCAA III,M,
SUNY College at Canton,Canton,NY,NCAA III,M,W
SUNY College at Cobleskill,Cobleskill,NY,NCAA III,M,W
SUNY College at Cortland,Cortland,NY,NCAA III,,W
SUNY College at Delhi,Delhi,NY,NCAA III,M,W
SUNY College at Geneseo,Geneseo,NY,NCAA III,,W
SUNY College at Old Westbury,Old Westbury,NY,NCAA III,M,
SUNY College at Oswego,Oswego,NY,NCAA III,M,
SUNY Polytechnic Institute,Utica,NY,NCAA III,M,W
Surry Community College,Dobson,NC,NJCAA,M,W
Susquehanna University,Selinsgrove,PA,NCAA III,M,W
Swarthmore College,Swarthmore,PA,NCAA III,M,
Sweet Briar College,Sweet Briar,VA,NCAA III,,W
Tabor College,Hillsboro,KS,NAIA,M,W
Taft College,Taft,CA,CCCAA,M,W
Talladega College,Talladega,AL,NAIA,M,W
Tarleton State University,Stephenville,TX,NCAA I,M,W
Taylor University,Upland,IN,NAIA,M,W
Temple University,Philadelphia,PA,NCAA I,M,
Tennessee State University,Nashville,TN,NCAA I,M,W
Tennessee Tech University,Cookeville,TN,NCAA I,M,W
Tennessee Wesleyan College,Athens,TN,NAIA,M,W
Terra State Community College,Fremont,OH,NJCAA,M,W
Texas A & M - Commerce,Commerce,TX,NCAA I,M,W
Texas A & M - Corpus Christi,Corpus Christi,TX,NCAA I,,W
Texas A & M - Kingsville,Kingsville,TX,NCAA II,,W
Texas A & M International,Laredo,TX,NCAA II,M,W
Texas A & M University,College Station,TX,NCAA I,M,W
Texas A&M - San Antonio,San Antonio,TX,NAIA,M,
Texas Christian University,Fort Worth,TX,NCAA I,M,W
Texas Lutheran University,Seguin,TX,NCAA III,M,W
Texas Southern University,Houston,TX,NCAA I,M,W
Texas State University,San Marcos,TX,NCAA I,M,W
Texas Tech University,Lubbock,TX,NCAA I,M,W
Texas Wesleyan University,Fort Worth,TX,NAIA,M,W
The Apprentice School,NewPort News,VA,USCAA,M,
Thiel College,Greenville,PA,NCAA III,M,W
Thomas College,Waterville,ME,NCAA III,M,
Thomas Jefferson University,Philadelphia,PA,NCAA II,M,W
Thomas More University,Crestview Hills,KY,NCAA II,M,W
Tiffin University,Tiffin,OH,NCAA II,M,W
Tompkins Cortland CC,Dryden,NY,NJCAA,M,W
Towson University,Towson,MD,NCAA I,M,W
Transylvania University,Lexington,KY,NCAA III,M,W
Trevecca Nazarene University,Nashville,TN,NCAA II,M,W
Trine University,Angola,IN,NCAA III,M,W
Trinity Christian College,Palos Heights,IL,NAIA,M,W
Trinity College,Hartford,CT,NCAA III,M,W
Trinity University,San Antonio,TX,NCAA III,M,W
Troy University,Troy,AL,NCAA I,M,W
Truett-McConnell College,Cleveland,GA,NAIA,M,W
Truman State University,Kirksville,MO,NCAA II,,W
Tufts University,Medford,MA,NCAA III,M,
Tulane University,New Orleans,LA,NCAA I,,W
Tusculum College,Greeneville,TN,NCAA II,M,W
Tyler Junior College,Tyler,TX,NJCAA,M,W
U.S. Air Force Academy,Colorado Springs,CO,NCAA I,M,
U.S. Military Academy,West Point,NY,NCAA I,M,
U.S. Naval Academy,Annapolis,MD,NCAA I,M,W
Ulster County CC,Stone Ridge,NY,NJCAA,M,W
Union College,Barbourville,KY,NAIA,M,W
Union College,Lincoln,NE,Indep,M,W
Union College,Schenectady,NY,NCAA III,,W
Union County College,Cranford,NJ,NJCAA,M,W
Union University,Jackson,TN,NCAA II,M,W
Univ of Colorado - Colorado Springs,Colorado Springs,CO,NCAA II,M,W
Univ of North Carolina at Asheville,Asheville,NC,NCAA I,,W
Univ of North Carolina at Charlotte,Charlotte,NC,NCAA I,M,W
Univ of North Carolina at Greensboro,Greensboro,NC,NCAA I,M,W
Univ of North Carolina at Pembroke,Pembroke,NC,NCAA II,,W
Univ of North Carolina Wilmington,Wilmington,NC,NCAA I,M,W
Univ of Northwestern Ohio,Lima,OH,NAIA,M,W
Univ of South Carolina - Upstate,Spartanburg,SC,NCAA I,M,W
Univ of South Carolina- Aiken,Aiken,SC,NCAA II,M,
Univ of South Carolina- Beaufort,Bluffton,SC,NCAA II,M,W
Univ of South Carolina-Sumter,Sumter,SC,NJCAA,M,W
Univ of Wisconsin- Eau Claire,Eau Claire,WI,NCAA III,M,W
Univ of Wisconsin- Whitewater,Whitewater,WI,NCAA III,,W
Univ of Wisconsin-Green Bay,Green Bay,WI,NCAA I,M,W
Univ of Wisconsin-La Crosse,La Crosse,WI,NCAA III,,W
Univ of Wisconsin-Oshkosh,Oshkosh,WI,NCAA III,,W
Univ of Wisconsin-Parkside,Kenosha,WI,NCAA II,M,W
Univ of Wisconsin-Platteville,Platteville,WI,NCAA III,,W
Univ of Wisconsin-River Falls,River Falls,WI,NCAA III,,W
Univ of Wisconsin-Stevens Point,Stevens Point,WI,NCAA III,M,W
Univ of Wisconsin-Stout,Menomonie,WI,NCAA III,M,W
Univ of Wisconsin-Superior,Superior,WI,NCAA III,M,W
University at Albany,Albany,NY,NCAA I,,W
University of Akron,Akron,OH,NCAA I,,W
University of Alabama,Tuscaloosa,AL,NCAA I,M,W
University of Alabama at Birmingham,Birmingham,AL,NCAA I,M,W
University of Arizona,Tucson,AZ,NCAA I,M,W
University of Arkansas,Fayetteville,AR,NCAA I,M,W
University of Arkansas at Little Rock,Little Rock,AR,NCAA I,M,W
University of Arkansas at Monticello,Monticello,AR,NCAA II,M,W
University of Arkansas at Pine Bluff,Pine Bluff,AR,NCAA I,M,
University of Arkansas-Fort Smith,Fort Smith,AR,NCAA II,M,W
University of California-Berkeley,Berkeley,CA,NCAA I,M,W
University of California-Davis,Davis,CA,NCAA I,M,W
University of California-Irvine,Irvine,CA,NCAA I,M,W
University of California-Los Angeles,Los Angeles,CA,NCAA I,M,W
University of California-Riverside,Riverside,CA,NCAA I,M,W
University of California-San Diego,La Jolla,CA,NCAA I,M,
University of California-Santa Barbara,Santa Barbara,CA,NCAA I,M,
University of California-Santa Cruz,Santa Cruz,CA,NCAA III,,W
University of Central Arkansas,Conway,AR,NCAA I,M,W
University of Central Florida,Orlando,FL,NCAA I,M,W
University of Central Missouri,Warrensburg,MO,NCAA II,M,W
University of Central Oklahoma,Edmond,OK,NCAA II,M,W
University of Charleston,Charleston,WV,NCAA II,M,W
University of Cincinnati,Cincinnati,OH,NCAA I,M,W
University of Colorado,Boulder,CO,NCAA I,M,W
University of Connecticut,Storrs,CT,NCAA I,M,
University of Dallas,Irving,TX,NCAA III,M,W
University of Dayton,Dayton,OH,NCAA I,M,W
University of Delaware,Newark,DE,NCAA I,M,W
University of Denver,Denver,CO,NCAA I,M,W
University of Detroit Mercy,Detroit,MI,NCAA I,M,W
University of Dubuque,Dubuque,IA,NCAA III,M,W
University of Evansville,Evansville,IN,NCAA I,M,W
University of Findlay,Findlay,OH,NCAA II,M,W
University of Florida,Gainesville,FL,NCAA I,M,W
University of Georgia,Athens,GA,NCAA I,M,W
University of Hartford,West Hartford,CT,NCAA I,M,W
University of Hawaii at Hilo,Hilo,HI,NCAA II,M,W
University of Hawaii at Manoa,Honolulu,HI,NCAA I,M,W
University of Health Sciences & Pharmacy,Saint Louis,MO,NAIA,M,W
University of Houston,Houston,TX,NCAA I,M,W
University of Houston-Victoria,Victoria,TX,NAIA,M,W
University of Idaho,Moscow,ID,NCAA I,M,W
University of Illinois,Champaign,IL,NCAA I,M,W
University of Illinois at Chicago,Chicago,IL,NCAA I,,W
University of Illinois at Springfield,Springfield,IL,NCAA II,M,W
University of Indianapolis,Indianapolis,IN,NCAA II,M,W
University of Iowa,Iowa City,IA,NCAA I,M,W
University of Jamestown,Jamestown,ND,NAIA,M,W
University of Kansas,Lawrence,KS,NCAA I,M,W
University of Kentucky,Lexington,KY,NCAA I,M,W
University of La Verne,La Verne,CA,NCAA III,M,W
University of Louisiana at Lafayette,Lafayette,LA,NCAA I,M,
University of Louisiana at Monroe,Monroe,LA,NCAA I,M,W
University of Louisville,Louisville,KY,NCAA I,M,W
University of Lynchburg,Lynchburg,VA,NCAA III,M,W
University of Maine at Augusta,Augusta,ME,USCAA,M,W
University of Maine at Farmington,Farmington,ME,NCAA III,M,
University of Maine at Presque Isle,Presque Isle,ME,NCAA III,M,
University of Mary,Bismarck,ND,NCAA II,M,W
University of Mary Hardin-Baylor,Belton,TX,NCAA III,M,W
University of Maryland,College Park,MD,NCAA I,M,W
University of Maryland Eastern Shore,Princess Anne,MD,NCAA I,M,W
University of Memphis,Memphis,TN,NCAA I,M,W
University of Miami,Coral Gables,FL,NCAA I,,W
University of Michigan,Ann Arbor,MI,NCAA I,M,W
University of Michigan-Dearborn,Dearborn,MI,NAIA,M,W
University of Minnesota,Minneapolis,MN,NCAA I,M,W
University of Minnesota-Crookston,Crookston,MN,NCAA II,M,W
University of Minnesota-Morris,Morris,MN,NCAA III,M,W
University of Mississippi,University,MS,NCAA I,M,W
University of Missouri,Columbia,MO,NCAA I,M,W
University of Missouri-Kansas City,Kansas City,MO,NCAA I,M,
University of Missouri-St Louis,Saint Louis,MO,NCAA II,M,W
University of Mobile,Mobile,AL,NAIA,M,W
University of Montana,Missoula,MT,NCAA I,,W
University of Montevallo,Montevallo,AL,NCAA II,M,W
University of Mount Olive,Mount Olive,NC,NCAA II,M,W
University of Mount Union,Alliance,OH,NCAA III,M,W
University of Nebraska,Lincoln,NE,NCAA I,M,W
University of Nebraska at Kearney,Kearney,NE,NCAA II,,W
University of Nebraska at Omaha,Omaha,NE,NCAA I,M,W
University of Nevada,Reno,NV,NCAA I,M,W
University of Nevada-Las Vegas,Las Vegas,NV,NCAA I,M,W
University of New England,Biddeford,ME,NCAA III,M,
University of New Haven,West Haven,CT,NCAA II,M,W
University of New Mexico,Albuquerque,NM,NCAA I,M,W
University of New Orleans,New Orleans,LA,NCAA I,M,
University of North Alabama,Florence,AL,NCAA I,M,W
University of North Carolina,Chapel Hill,NC,NCAA I,M,W
University of North Dakota,Grand Forks,ND,NCAA I,M,W
University of North Florida,Jacksonville,FL,NCAA I,M,W
University of North Georgia,Dahlonega,GA,NCAA II,M,W
University of North Texas,Denton,TX,NCAA I,M,W
University of Northern Colorado,Greeley,CO,NCAA I,M,W
University of Northern Iowa,Cedar Falls,IA,NCAA I,M,W
University of Northwestern,Saint Paul,MN,NCAA III,M,W
University of Notre Dame,Notre Dame,IN,NCAA I,M,W
University of Oklahoma,Norman,OK,NCAA I,M,W
University of Oregon,Eugene,OR,NCAA I,M,W
University of Pennsylvania,Philadelphia,PA,NCAA I,M,W
University of Pikeville,Pikeville,KY,NAIA,M,W
University of Pittsburgh-Bradford,Bradford,PA,NCAA III,M,
University of Pittsburgh-Greensburg,Greensburg,PA,NCAA III,M,
University of Pittsburgh-Johnstown,Johnstown,PA,NCAA II,M,
University of Providence,Great Falls,MT,NAIA,M,W
University of Puget Sound,Tacoma,WA,NCAA III,M,W
University of Redlands,Redlands,CA,NCAA III,M,W
University of Rhode Island,Kingston,RI,NCAA I,M,
University of Richmond,Richmond,VA,NCAA I,M,W
University of Rio Grande,Rio Grande,OH,NAIA,M,W
University of Rochester,Rochester,NY,NCAA III,M,
University of Saint Francis,Fort Wayne,IN,NAIA,M,W
University of San Diego,San Diego,CA,NCAA I,M,
University of San Francisco,San Francisco,CA,NCAA I,M,W
University of Science & Arts,Chickasha,OK,NAIA,M,W
University of Scranton,Scranton,PA,NCAA III,M,W
University of Sioux Falls,Sioux Falls,SD,NCAA II,M,W
University of South Alabama,Mobile,AL,NCAA I,M,W
University of South Carolina,Columbia,SC,NCAA I,M,W
University of South Dakota,Vermillion,SD,NCAA I,M,W
University of South Florida,Tampa,FL,NCAA I,M,W
University of Southern California,Los Angeles,CA,NCAA I,M,W
University of Southern Indiana,Evansville,IN,NCAA I,M,W
University of Southern Maine,Portland,ME,NCAA III,M,
University of Southern Mississippi,Hattiesburg,MS,NCAA I,M,W
University of St Francis,Joliet,IL,NAIA,M,W
University of St Thomas,Saint Paul,MN,NCAA I,M,W
University of St Thomas,Houston,TX,NCAA III,M,W
University of Tampa,Tampa,FL,NCAA II,M,W
University of Tennessee,Knoxville,TN,NCAA I,M,W
University of Tennessee-Chattanooga,Chattanooga,TN,NCAA I,M,W
University of Tennessee-Martin,Martin,TN,NCAA I,M,
University of Tennessee-Southern,Pulaski,TN,NAIA,M,W
University of Texas,Austin,TX,NCAA I,M,W
University of Texas at Arlington,Arlington,TX,NCAA I,M,W
University of Texas at Dallas,Richardson,TX,NCAA III,M,W
University of Texas at El Paso,El Paso,TX,NCAA I,M,W
University of Texas at San Antonio,San Antonio,TX,NCAA I,M,W
University of Texas at Tyler,Tyler,TX,NCAA II,M,W
University of Texas Permian Basin,Odessa,TX,NCAA II,M,W
University of Texas Rio Grande Valley,Edinburg,TX,NCAA I,M,W
University of the Cumberlands,Williamsburg,KY,NAIA,M,W
University of the Incarnate Word,San Antonio,TX,NCAA I,M,W
University of the Pacific,Stockton,CA,NCAA I,M,
University of the Southwest,Hobbs,NM,NAIA,M,W
University of Toledo,Toledo,OH,NCAA I,M,W
University of Tulsa,Tulsa,OK,NCAA I,,W
University of Utah,Salt Lake City,UT,NCAA I,M,
University of Virginia,Charlottesville,VA,NCAA I,M,W
University of Virginia - Wise,Wise,VA,NCAA II,M,W
University of Washington,Seattle,WA,NCAA I,M,W
University of West Florida,Pensacola,FL,NCAA II,M,W
University of West Georgia,Carrollton,GA,NCAA II,M,W
University of Wisconsin,Madison,WI,NCAA I,M,W
University of Wyoming,Laramie,WY,NCAA I,M,W
Upper Iowa University,Fayette,IA,NCAA II,M,W
Ursinus College,Collegeville,PA,NCAA III,M,W
Ursuline College,Pepper Pike,OH,NCAA II,,W
Utah State University,Logan,UT,NCAA I,M,
Utah Tech University,Saint George,UT,NCAA I,M,W
Utah Valley University,Orem,UT,NCAA I,M,W
Utica College,Utica,NY,NCAA III,M,W
Valdosta State University,Valdosta,GA,NCAA II,M,
Valley City State University,Valley City,ND,NAIA,M,W
Valparaiso University,Valparaiso,IN,NCAA I,M,W
Vanderbilt University,Nashville,TN,NCAA I,M,W
Vanguard University,Costa Mesa,CA,NAIA,M,W
Vassar College,Poughkeepsie,NY,NCAA III,,W
Ventura College,Ventura,CA,CCCAA,M,
Victor Valley College,Victorville,CA,CCCAA,M,
Villanova University,Villanova,PA,NCAA I,M,
Vincennes University,Vincennes,IN,NJCAA,M,
Virginia Commonwealth University,Richmond,VA,NCAA I,M,
Virginia State University,Petersburg,VA,NCAA II,M,
Virginia Tech,Blacksburg,VA,NCAA I,M,W
Virginia Union University,Richmond,VA,NCAA II,M,
Virginia Wesleyan College,Norfolk,VA,NCAA III,M,W
Viterbo University,La Crosse,WI,NAIA,M,W
Wabash College,Crawfordsville,IN,NCAA III,M,
Wagner College,Staten Island,NY,NCAA I,M,W
Wake Forest University,Winston-Salem,NC,NCAA I,M,W
Waldorf University,Forest City,IA,NAIA,M,W
Walla Walla University,College Place,WA,NAIA,M,W
Wallace State CC - Hanceville,Hanceville,AL,NJCAA,M,W
Walsh University,North Canton,OH,NCAA II,M,W
Walters State CC,Morristown,TN,NJCAA,M,
Wartburg College,Waverly,IA,NCAA III,M,W
Washburn University,Topeka,KS,NCAA II,M,
Washington & Jefferson College,Washington,PA,NCAA III,M,W
Washington & Lee University,Lexington,VA,NCAA III,M,W
Washington College,Chestertown,MD,NCAA III,M,W
Washington State University,Pullman,WA,NCAA I,M,W
Washington University in St Louis,Saint Louis,MO,NCAA III,,W
Waubonsee CC,Sugar Grove,IL,NJCAA,M,
Wayland Baptist University,Plainview,TX,NAIA,M,W
Wayne County CC,Detroit,MI,NJCAA,M,W
Wayne State College,Wayne,NE,NCAA II,,W
Wayne State University,Detroit,MI,NCAA II,M,W
Waynesburg University,Waynesburg,PA,NCAA III,M,W
Weatherford College,Weatherford,TX,NJCAA,M,
Webber International University,Babson Park,FL,NAIA,M,W
Weber State University,Ogden,UT,NCAA I,M,W
Webster University,Saint Louis,MO,NCAA III,M,
Wellesley College,Wellesley,MA,NCAA III,,W
Wentworth Institute of Technology,Boston,MA,NCAA III,M,
Wesleyan University,Middletown,CT,NCAA III,M,W
West Chester University,West Chester,PA,NCAA II,M,W
West Liberty University,West Liberty,WV,NCAA II,M,W
West Texas A & M University,Canyon,TX,NCAA II,M,W
West Virginia State University,Institute,WV,NCAA II,M,
West Virginia University,Morgantown,WV,NCAA I,M,
West Virginia Wesleyan College,Buckhannon,WV,NCAA II,M,W
Westchester Community College,Valhalla,NY,NJCAA,M,
Western Carolina University,Cullowhee,NC,NCAA I,M,W
Western Connecticut State Univ,Danbury,CT,NCAA III,M,
Western Illinois University,Macomb,IL,NCAA I,M,W
Western Kentucky University,Bowling Green,KY,NCAA I,M,W
Western Michigan University,Kalamazoo,MI,NCAA I,,W
Western New England University,Springfield,MA,NCAA III,M,
Western New Mexico University,Silver City,NM,NCAA II,M,W
Western Texas College,Snyder,TX,NJCAA,M,W
Western Washington University,Bellingham,WA,NCAA II,M,W
Westfield State University,Westfield,MA,NCAA III,M,W
Westminster College,Fulton,MO,NCAA III,M,W
Westminster College,New Wilmington,PA,NCAA III,M,W
Westminster College,Salt Lake City,UT,NCAA II,M,W
Westmont College,Santa Barbara,CA,NCAA II,M,W
Westmoreland County CC,Youngwood,PA,NJCAA,M,W
Wheaton College,Wheaton,IL,NCAA III,M,W
Wheeling University,Wheeling,WV,NCAA II,M,W
Whitman College,Walla Walla,WA,NCAA III,M,W
Whitworth University,Spokane,WA,NCAA III,M,W
Wichita State University,Wichita,KS,NCAA I,M,W
Widener University,Chester,PA,NCAA III,M,W
Wilberforce University,Wilberforce,OH,NAIA,M,W
Wiley College,Marshall,TX,NAIA,M,W
Wilkes University,Wilkes-Barre,PA,NCAA III,M,W
Willamette University,Salem,OR,NCAA III,M,W
William Carey University,Hattiesburg,MS,NAIA,M,W
William Jessup University,Rocklin,CA,NAIA,M,W
William Jewell College,Liberty,MO,NCAA II,M,W
William Paterson University,Wayne,NJ,NCAA III,M,
William Peace University,Raleigh,NC,NCAA III,M,
William Penn University,Oskaloosa,IA,NAIA,M,W
William Woods University,Fulton,MO,NAIA,M,W
Williams Baptist College,Walnut Ridge,AR,NAIA,M,W
Williams College,Williamstown,MA,NCAA III,M,W
Wilmington University,New Castle,DE,NCAA II,M,
Wilson College,Chambersburg,PA,NCAA III,M,
Wingate University,Wingate,NC,NCAA II,M,W
Winona State University,Winona,MN,NCAA II,M,W
Winston-Salem State University,Winston-Salem,NC,NCAA II,M,
Winthrop University,Rock Hill,SC,NCAA I,M,W
Wisconsin Lutheran College,Milwaukee,WI,NCAA III,M,W
Wittenberg University,Springfield,OH,NCAA III,M,W
Wofford College,Spartanburg,SC,NCAA I,M,W
Worcester State University,Worcester,MA,NCAA III,M,W
Wright State University,Dayton,OH,NCAA I,M,
WVU Institute of Technology,Montgomery,WV,NAIA,M,
Xavier University,Cincinnati,OH,NCAA I,M,W
Yale University,New Haven,CT,NCAA I,M,W
Yeshiva University,New York,NY,NCAA III,M,
York College,York,NE,NAIA,M,W
York College Pennsylvania,York,PA,NCAA III,M,W
York County CC,Wells,ME,USCAA,M,W
Young Harris College,Young Harris,GA,NCAA II,M,W
Youngstown State University,Youngstown,OH,NCAA I,M,W